{
    "swagger": "2.0",
    "info": {
        "contact": {}
    },
    "paths": {
        "/v1/auth/login": {
            "post": {
                "consumes": [
                    "application/json"
                ],
                "produces": [
                    "application/json"
                ],
                "tags": [
                    "登陆认证"
                ],
                "summary": "用户登陆",
                "parameters": [
                    {
                        "description": "登陆信息",
                        "name": "forms.LoginForm",
                        "in": "body",
                        "required": true,
                        "schema": {
                            "$ref": "#/definitions/forms.LoginForm"
                        }
                    }
                ],
                "responses": {
                    "200": {
                        "description": "OK"
                    }
                }
            }
        },
        "/v1/auth/logout": {
            "post": {
                "consumes": [
                    "application/json"
                ],
                "produces": [
                    "application/json"
                ],
                "tags": [
                    "登陆认证"
                ],
                "summary": "退出登陆",
                "responses": {
                    "200": {
                        "description": "OK"
                    }
                }
            }
        },
        "/v1/data/add": {
            "post": {
                "consumes": [
                    "application/json"
                ],
                "produces": [
                    "application/json"
                ],
                "tags": [
                    "数据源管理"
                ],
                "summary": "添加数据源",
                "parameters": [
                    {
                        "type": "string",
                        "description": "Insert your access Token",
                        "name": "Token",
                        "in": "header",
                        "required": true
                    },
                    {
                        "description": "数据源信息",
                        "name": "forms.Data",
                        "in": "body",
                        "required": true,
                        "schema": {
                            "$ref": "#/definitions/forms.Data"
                        }
                    }
                ],
                "responses": {
                    "200": {
                        "description": "OK"
                    }
                }
            }
        },
        "/v1/data/delete": {
            "post": {
                "consumes": [
                    "application/json"
                ],
                "produces": [
                    "application/json"
                ],
                "tags": [
                    "数据源管理"
                ],
                "summary": "删除数据源",
                "parameters": [
                    {
                        "type": "string",
                        "description": "Insert your access Token",
                        "name": "Token",
                        "in": "header",
                        "required": true
                    },
                    {
                        "description": "数据源信息",
                        "name": "forms.Data",
                        "in": "body",
                        "required": true,
                        "schema": {
                            "$ref": "#/definitions/forms.Data"
                        }
                    }
                ],
                "responses": {
                    "200": {
                        "description": "OK"
                    }
                }
            }
        },
        "/v1/data/get": {
            "post": {
                "consumes": [
                    "application/json"
                ],
                "produces": [
                    "application/json"
                ],
                "tags": [
                    "数据源管理"
                ],
                "summary": "获取数据源",
                "parameters": [
                    {
                        "type": "string",
                        "description": "Insert your access Token",
                        "name": "Token",
                        "in": "header",
                        "required": true
                    },
                    {
                        "description": "数据源信息",
                        "name": "forms.Data",
                        "in": "body",
                        "required": true,
                        "schema": {
                            "$ref": "#/definitions/forms.Data"
                        }
                    }
                ],
                "responses": {
                    "200": {
                        "description": "OK"
                    }
                }
            }
        },
        "/v1/data/update": {
            "post": {
                "consumes": [
                    "application/json"
                ],
                "produces": [
                    "application/json"
                ],
                "tags": [
                    "数据源管理"
                ],
                "summary": "更新数据源",
                "parameters": [
                    {
                        "type": "string",
                        "description": "Insert your access Token",
                        "name": "Token",
                        "in": "header",
                        "required": true
                    },
                    {
                        "description": "数据源信息",
                        "name": "forms.Data",
                        "in": "body",
                        "required": true,
                        "schema": {
                            "$ref": "#/definitions/forms.Data"
                        }
                    }
                ],
                "responses": {
                    "200": {
                        "description": "OK"
                    }
                }
            }
        },
        "/v1/host/add": {
            "post": {
                "consumes": [
                    "application/json"
                ],
                "produces": [
                    "application/json"
                ],
                "tags": [
                    "主机管理"
                ],
                "summary": "添加主机",
                "parameters": [
                    {
                        "type": "string",
                        "description": "Insert your access Token",
                        "name": "Token",
                        "in": "header",
                        "required": true
                    },
                    {
                        "description": "主机信息",
                        "name": "forms.Host",
                        "in": "body",
                        "required": true,
                        "schema": {
                            "$ref": "#/definitions/forms.Host"
                        }
                    }
                ],
                "responses": {
                    "200": {
                        "description": "OK"
                    }
                }
            }
        },
        "/v1/host/del": {
            "post": {
                "consumes": [
                    "application/json"
                ],
                "produces": [
                    "application/json"
                ],
                "tags": [
                    "主机管理"
                ],
                "summary": "删除主机",
                "parameters": [
                    {
                        "type": "string",
                        "description": "Insert your access Token",
                        "name": "Token",
                        "in": "header",
                        "required": true
                    },
                    {
                        "description": "主机信息",
                        "name": "forms.Host",
                        "in": "body",
                        "required": true,
                        "schema": {
                            "$ref": "#/definitions/forms.Host"
                        }
                    }
                ],
                "responses": {
                    "200": {
                        "description": "OK"
                    }
                }
            }
        },
        "/v1/host/get": {
            "post": {
                "consumes": [
                    "application/json"
                ],
                "produces": [
                    "application/json"
                ],
                "tags": [
                    "主机管理"
                ],
                "summary": "获取主机(单个)",
                "parameters": [
                    {
                        "type": "string",
                        "description": "Insert your access Token",
                        "name": "Token",
                        "in": "header",
                        "required": true
                    },
                    {
                        "description": "主机信息",
                        "name": "forms.Host",
                        "in": "body",
                        "required": true,
                        "schema": {
                            "$ref": "#/definitions/forms.Host"
                        }
                    }
                ],
                "responses": {
                    "200": {
                        "description": "OK"
                    }
                }
            }
        },
        "/v1/host/getall": {
            "get": {
                "consumes": [
                    "application/json"
                ],
                "produces": [
                    "application/json"
                ],
                "tags": [
                    "主机管理"
                ],
                "summary": "获取主机(全部)",
                "parameters": [
                    {
                        "type": "string",
                        "description": "Insert your access Token",
                        "name": "Token",
                        "in": "header",
                        "required": true
                    },
                    {
                        "description": "主机信息",
                        "name": "forms.Host",
                        "in": "body",
                        "required": true,
                        "schema": {
                            "$ref": "#/definitions/forms.Host"
                        }
                    }
                ],
                "responses": {
                    "200": {
                        "description": "OK"
                    }
                }
            }
        },
        "/v1/host/update": {
            "post": {
                "consumes": [
                    "application/json"
                ],
                "produces": [
                    "application/json"
                ],
                "tags": [
                    "主机管理"
                ],
                "summary": "更新主机",
                "parameters": [
                    {
                        "type": "string",
                        "description": "Insert your access Token",
                        "name": "Token",
                        "in": "header",
                        "required": true
                    },
                    {
                        "description": "主机信息",
                        "name": "forms.Host",
                        "in": "body",
                        "required": true,
                        "schema": {
                            "$ref": "#/definitions/forms.Host"
                        }
                    }
                ],
                "responses": {
                    "200": {
                        "description": "OK"
                    }
                }
            }
        },
        "/v1/jenkins/add": {
            "post": {
                "consumes": [
                    "application/json"
                ],
                "produces": [
                    "application/json"
                ],
                "tags": [
                    "Jenkins管理"
                ],
                "summary": "Jenkins配置添加",
                "parameters": [
                    {
                        "type": "string",
                        "description": "Insert your access Token",
                        "name": "Token",
                        "in": "header",
                        "required": true
                    },
                    {
                        "description": "Jenkins信息",
                        "name": "forms.Jenkins_INFO",
                        "in": "body",
                        "required": true,
                        "schema": {
                            "$ref": "#/definitions/forms.Jenkins_INFO"
                        }
                    }
                ],
                "responses": {
                    "200": {
                        "description": "OK"
                    }
                }
            }
        },
        "/v1/jenkins/delete": {
            "post": {
                "consumes": [
                    "application/json"
                ],
                "produces": [
                    "application/json"
                ],
                "tags": [
                    "Jenkins管理"
                ],
                "summary": "Jenkins配置删除",
                "parameters": [
                    {
                        "type": "string",
                        "description": "Insert your access Token",
                        "name": "Token",
                        "in": "header",
                        "required": true
                    },
                    {
                        "description": "jenkins URL信息",
                        "name": "forms.Jenkins_INFO",
                        "in": "body",
                        "required": true,
                        "schema": {
                            "$ref": "#/definitions/forms.UsernameForm"
                        }
                    }
                ],
                "responses": {
                    "200": {
                        "description": "OK"
                    }
                }
            }
        },
        "/v1/jenkins/get": {
            "post": {
                "tags": [
                    "Jenkins管理"
                ],
                "summary": "Jenkins查询(单个)",
                "parameters": [
                    {
                        "type": "string",
                        "description": "Insert your access Token",
                        "name": "Token",
                        "in": "header",
                        "required": true
                    },
                    {
                        "description": "用户信息",
                        "name": "url",
                        "in": "body",
                        "required": true,
                        "schema": {
                            "$ref": "#/definitions/forms.Jenkins_INFO"
                        }
                    }
                ],
                "responses": {
                    "200": {
                        "description": "OK"
                    }
                }
            }
        },
        "/v1/jenkins/update": {
            "post": {
                "security": [
                    {
                        "ApiKeyAuth": []
                    }
                ],
                "consumes": [
                    "application/json"
                ],
                "produces": [
                    "application/json"
                ],
                "tags": [
                    "Jenkins管理"
                ],
                "summary": "Jenkins修改",
                "parameters": [
                    {
                        "type": "string",
                        "description": "Insert your access Token",
                        "name": "Token",
                        "in": "header",
                        "required": true
                    },
                    {
                        "description": "用户信息",
                        "name": "forms.Jenkins_INFO",
                        "in": "body",
                        "required": true,
                        "schema": {
                            "$ref": "#/definitions/forms.Jenkins_INFO"
                        }
                    }
                ],
                "responses": {
                    "200": {
                        "description": "OK"
                    }
                }
            }
        },
        "/v1/user/add": {
            "post": {
                "consumes": [
                    "application/json"
                ],
                "produces": [
                    "application/json"
                ],
                "tags": [
                    "用户管理"
                ],
                "summary": "用户添加",
                "parameters": [
                    {
                        "type": "string",
                        "description": "Insert your access Token",
                        "name": "Token",
                        "in": "header",
                        "required": true
                    },
                    {
                        "description": "用户信息",
                        "name": "forms.UserAddForm",
                        "in": "body",
                        "required": true,
                        "schema": {
                            "$ref": "#/definitions/forms.UserAddForm"
                        }
                    }
                ],
                "responses": {
                    "200": {
                        "description": "OK"
                    }
                }
            }
        },
        "/v1/user/delete": {
            "post": {
                "consumes": [
                    "application/json"
                ],
                "produces": [
                    "application/json"
                ],
                "tags": [
                    "用户管理"
                ],
                "summary": "用户删除",
                "parameters": [
                    {
                        "type": "string",
                        "description": "Insert your access Token",
                        "name": "Token",
                        "in": "header",
                        "required": true
                    },
                    {
                        "description": "用户信息",
                        "name": "forms.UsernameForm",
                        "in": "body",
                        "required": true,
                        "schema": {
                            "$ref": "#/definitions/forms.UsernameForm"
                        }
                    }
                ],
                "responses": {
                    "200": {
                        "description": "OK"
                    }
                }
            }
        },
        "/v1/user/get": {
            "post": {
                "tags": [
                    "用户管理"
                ],
                "summary": "用户查询(单个)",
                "parameters": [
                    {
                        "type": "string",
                        "description": "Insert your access Token",
                        "name": "Token",
                        "in": "header",
                        "required": true
                    },
                    {
                        "description": "用户信息",
                        "name": "username",
                        "in": "body",
                        "required": true,
                        "schema": {
                            "$ref": "#/definitions/forms.UsernameForm"
                        }
                    }
                ],
                "responses": {
                    "200": {
                        "description": "OK"
                    }
                }
            }
        },
        "/v1/user/getall": {
            "get": {
                "consumes": [
                    "application/json"
                ],
                "produces": [
                    "application/json"
                ],
                "tags": [
                    "用户管理"
                ],
                "summary": "用户查询(全部)",
                "parameters": [
                    {
                        "type": "string",
                        "description": "Insert your access Token",
                        "name": "Token",
                        "in": "header",
                        "required": true
                    }
                ],
                "responses": {
                    "200": {
                        "description": "OK"
                    }
                }
            }
        },
        "/v1/user/update": {
            "post": {
                "security": [
                    {
                        "ApiKeyAuth": []
                    }
                ],
                "consumes": [
                    "application/json"
                ],
                "produces": [
                    "application/json"
                ],
                "tags": [
                    "用户管理"
                ],
                "summary": "用户修改",
                "parameters": [
                    {
                        "type": "string",
                        "description": "Insert your access Token",
                        "name": "Token",
                        "in": "header",
                        "required": true
                    },
                    {
                        "description": "用户信息",
                        "name": "forms.UserInfo",
                        "in": "body",
                        "required": true,
                        "schema": {
                            "$ref": "#/definitions/forms.UserInfo"
                        }
                    }
                ],
                "responses": {
                    "200": {
                        "description": "OK"
                    }
                }
            }
        }
    },
    "definitions": {
        "forms.Data": {
            "type": "object",
            "properties": {
                "connect_site": {
                    "type": "string"
                },
                "database_type": {
                    "type": "string"
                },
                "id": {
                    "type": "integer"
                },
                "name": {
                    "type": "string"
                },
                "passwd": {
                    "type": "string"
                },
                "port": {
                    "type": "string"
                },
                "username": {
                    "type": "string"
                }
            }
        },
        "forms.Host": {
            "type": "object",
            "properties": {
                "ipaddress": {
                    "type": "string"
                },
                "memory": {
                    "type": "string"
                },
                "name": {
                    "type": "string"
                },
                "password": {
                    "type": "string"
                },
                "port": {
                    "type": "integer"
                },
                "username": {
                    "type": "string"
                }
            }
        },
        "forms.Jenkins_INFO": {
            "type": "object",
            "required": [
                "url"
            ],
            "properties": {
                "login_password": {
                    "type": "string"
                },
                "login_user": {
                    "type": "string"
                },
                "url": {
                    "type": "string"
                }
            }
        },
        "forms.LoginForm": {
            "type": "object",
            "required": [
                "username"
            ],
            "properties": {
                "password": {
                    "type": "string"
                },
                "username": {
                    "type": "string"
                }
            }
        },
        "forms.UserAddForm": {
            "type": "object",
            "properties": {
                "password": {
                    "type": "string"
                },
                "username": {
                    "type": "string"
                }
            }
        },
        "forms.UserInfo": {
            "type": "object",
            "required": [
                "password",
                "username"
            ],
            "properties": {
                "password": {
                    "type": "string",
                    "maxLength": 20,
                    "minLength": 3
                },
                "username": {
                    "type": "string"
                }
            }
        },
        "forms.UsernameForm": {
            "type": "object",
            "required": [
                "username"
            ],
            "properties": {
                "username": {
                    "type": "string"
                }
            }
        }
    }
}